event_id,category_id,event_category,title,start_date,end_date,pv,lv,event_ent_user_cnt,event_user_ratio,event_ent_new_prod_user_cnt,new_prod_ratio
36277,100067,공연이벤트,노엘 갤러거 하이 플라잉 버즈 내한공연 초대 이벤트,2024-07-15 12:00,2024-07-19 23:59,13525,7788,702,9.01386748844376,34,4.843304843304843
36284,100067,공연이벤트,LANY 내한공연 초대 이벤트,2024-07-19 12:00,2024-08-02 23:59,24923,15273,1693,11.084921102599358,17,1.004134672179563
36288,100067,공연이벤트,IVE THE 1ST WORLD TOUR 초대 이벤트,2024-07-23 12:00,2024-07-31 23:59,42561,20311,4194,20.6489094579292,53,1.263710061993324
36293,100067,공연이벤트,라이엇게임즈 VALORANT 챔스 서울 초대 이벤트,2024-07-24 12:00,2024-08-07 23:59,26220,15332,1626,10.605270023480303,22,1.3530135301353015
36421,100067,공연이벤트,The Kid LAROI 내한 공연 초대 이벤트,2024-09-23 12:00,2024-10-07 23:59,12179,8191,688,8.399462825051886,4,0.5813953488372093
36427,100067,공연이벤트,Jorja Smith 내한 공연 및 사운드체크 초대 이벤트,2024-09-27 12:00,2024-10-11 23:59,11004,7578,641,8.458696225917128,7,1.0920436817472698
36438,100067,공연이벤트,죠지 콘서트 초대 이벤트,2024-10-02 12:00,2024-10-11 23:59,18507,11131,1375,12.352888329889499,20,1.4545454545454546
36434,100067,공연이벤트,아일릿 쇼케이스 초대 이벤트,2024-10-02 12:00,2024-10-14 23:59,29494,16240,2294,14.125615763546797,59,2.5719267654751525
36484,100067,공연이벤트,영화 글레디에이터2 초대 이벤트,2024-10-25 12:00,2024-11-01 23:59,17553,9708,2148,22.126081582200246,9,0.41899441340782123
36497,100067,공연이벤트,첼리스트 홍진호 콘서트 초대 이벤트,2024-10-28 12:00,2024-11-04 23:59,10034,6520,851,13.052147239263803,4,0.4700352526439483
36513,100067,공연이벤트,영화 위키드 초대 이벤트,2024-11-04 12:00,2024-11-11 23:59,29268,14924,3839,25.723666577325115,36,0.9377442042198489
36529,100067,공연이벤트,Charlie Puth 내한공연 초대 이벤트,2024-11-11 12:00,2024-11-25 23:59,52262,26393,5774,21.87701284431478,58,1.0045029442327675
36594,100067,공연이벤트,Benson Boone 내한공연 초대 이벤트,2024-12-06 12:00,2024-12-20 23:59,25513,15629,2001,12.803122400665428,21,1.0494752623688157
36593,100067,공연이벤트,영화 Piece by Piece 초대 이벤트,2024-12-06 12:00,2024-12-20 23:59,13191,9052,1003,11.080424215642951,12,1.1964107676969093
36596,100067,공연이벤트,Kygo 내한공연 초대 이벤트,2024-12-09 12:00,2024-12-23 23:59,10940,7381,672,9.10445739059748,11,1.636904761904762
36625,100067,공연이벤트,BABYMONSTER 1st WORLD TOUR 초대 이벤트,2024-12-20 12:00,2025-01-03 23:59,31018,17622,2620,14.867778912722732,48,1.8320610687022902
36687,100067,공연이벤트,Yonezu Kenshi 내한공연 초대 이벤트,2025-02-10 12:00,2025-02-24 23:59,35114,19125,2769,14.47843137254902,39,1.4084507042253522
36690,100067,공연이벤트,윤딴딴 정규 2집 '반칠십' 쇼케이스 콘서트 초대 이벤트,2025-02-10 12:00,2025-02-21 23:59,13455,9272,790,8.520276100086281,21,2.6582278481012658
36775,100067,공연이벤트,CLOSE YOUR EYES 데뷔 쇼케이스 초대 이벤트,2025-03-21 12:00,2025-03-26 23:59,12969,7236,648,8.955223880597014,29,4.4753086419753085
36945,100067,공연이벤트,WINNER 콘서트 초대 이벤트,2025-06-04 12:00,2025-06-18 23:59,33345,19455,2893,14.870213312773068,56,1.9357068786726581
36244,100068,멜론매거진이벤트,BABYMONSTER 댓글 이벤트,2024-07-01 12:00,2024-07-15 23:59,13735,9431,513,5.439508005513731,25,4.8732943469785575
36246,100068,멜론매거진이벤트,KISS OF LIFE 댓글 이벤트,2024-07-01 12:00,2024-07-15 23:59,25610,17674,1631,9.228244879483988,46,2.8203556100551808
36249,100068,멜론매거진이벤트,NCT WISH 댓글 이벤트,2024-07-01 18:00,2024-07-15 23:59,22756,13897,1836,13.211484493056055,93,5.065359477124183
36247,100068,멜론매거진이벤트,STAYC(스테이씨) 댓글 이벤트,2024-07-01 18:00,2024-07-15 23:59,20938,14564,1249,8.57594067563856,47,3.7630104083266613
36250,100068,멜론매거진이벤트,서울아레나 댓글 이벤트,2024-07-02 14:00,2024-07-21 23:59,3311,1744,871,49.94266055045872,17,1.951779563719862
36251,100068,멜론매거진이벤트,투모로우바이투게더 댓글 이벤트,2024-07-03 12:00,2024-07-17 23:59,26900,16649,1584,9.514084930025827,39,2.462121212121212
36252,100068,멜론매거진이벤트,멜론 데이터랩 댓글 이벤트 #38,2024-07-03 12:00,2024-07-17 23:59,49711,37959,1188,3.129692563028531,14,1.1784511784511784
36255,100068,멜론매거진이벤트,이승윤 댓글 이벤트,2024-07-03 18:00,2024-07-17 23:59,27164,11975,1325,11.064718162839249,120,9.056603773584905
36227,100068,멜론매거진이벤트,스포트라이트 상반기 결산 댓글 이벤트,2024-07-04 14:00,2024-07-17 23:59,49765,36712,3472,9.457398125953368,25,0.7200460829493087
36254,100068,멜론매거진이벤트,멜론 데이터랩 댓글 이벤트 #39,2024-07-04 17:00,2024-07-18 23:59,57449,41833,972,2.323524490234982,7,0.720164609053498
36258,100068,멜론매거진이벤트,에디션m 해외 힙합 편 댓글 이벤트,2024-07-04 23:30,2024-07-18 23:59,37301,27672,957,3.45836947094536,8,0.8359456635318705
36263,100068,멜론매거진이벤트,태연 (TAEYEON) 매거진 이벤트,2024-07-08 18:00,2024-07-22 23:59,7785,4627,767,16.576615517614005,34,4.432855280312908
36264,100068,멜론매거진이벤트,(여자)아이들 댓글 이벤트,2024-07-08 18:00,2024-07-22 23:59,44013,24103,2478,10.280877899016721,54,2.1791767554479415
36262,100068,멜론매거진이벤트,에디션m 재즈 편 댓글 이벤트,2024-07-08 23:30,2024-07-22 23:59,34568,25788,820,3.179773538079727,7,0.853658536585366
36274,100068,멜론매거진이벤트,ENHYPEN 댓글 이벤트,2024-07-12 13:00,2024-07-26 23:59,21294,12715,1030,8.100668501769563,66,6.407766990291262
36272,100068,멜론매거진이벤트,LIVE CLUB DAY 댓글 이벤트,2024-07-15 14:00,2024-07-21 23:59,18764,14200,697,4.908450704225352,11,1.5781922525107603
36275,100068,멜론매거진이벤트,멜론 X SM 인천공항 스마트패스 팝업 댓글 이벤트,2024-07-15 15:00,2024-07-31 23:59,47867,31139,3173,10.189794148816597,48,1.5127639457926252
36281,100068,멜론매거진이벤트,에디션m 국내 알앤비 편 댓글 이벤트,2024-07-15 23:30,2024-07-29 23:59,48115,34917,1014,2.904029555803763,8,0.7889546351084813
36285,100068,멜론매거진이벤트,지민 댓글 이벤트,2024-07-19 13:00,2024-08-02 23:59,37537,19657,1652,8.404130843974157,39,2.360774818401937
36287,100068,멜론매거진이벤트,Stray Kids (스트레이 키즈) 댓글 이벤트,2024-07-19 13:00,2024-08-02 23:59,59387,18916,4431,23.424614083315713,320,7.221846084405326
36291,100068,멜론매거진이벤트,에디션m 해외록 편 댓글 이벤트,2024-07-22 23:30,2024-08-05 23:59,31632,23176,764,3.296513634794615,10,1.3089005235602094
36297,100068,멜론매거진이벤트,Matsuda Seiko 댓글 이벤트,2024-07-24 15:00,2024-08-07 23:59,57040,42900,1072,2.498834498834499,12,1.1194029850746268
36304,100068,멜론매거진이벤트,아이리 칸나 댓글 이벤트,2024-07-25 18:00,2024-08-08 23:59,12951,5896,911,15.451153324287652,282,30.954994511525797
36300,100068,멜론매거진이벤트,How to Melon #7 멜로너가 사랑한 꿀기능 TOP10 댓글 이벤트,2024-07-25 18:00,2024-08-18 23:59,171268,124046,2857,2.303177853376973,25,0.8750437521876094
36301,100068,멜론매거진이벤트,Swae Lee 댓글 이벤트,2024-07-26 12:00,2024-08-08 23:59,20374,15510,1462,9.426176660219214,8,0.5471956224350205
36303,100068,멜론매거진이벤트,멜론 데이터랩 댓글 이벤트 #40,2024-07-26 12:00,2024-08-09 23:59,60075,46096,705,1.5294168691426588,8,1.1347517730496455
36307,100068,멜론매거진이벤트,제20회 제천국제음악영화제 '요시마타 료 토크 콘서트' 댓글 이벤트,2024-07-29 12:00,2024-08-11 23:59,9434,7399,608,8.217326665765643,3,0.4934210526315789
36311,100068,멜론매거진이벤트,RIIZE 댓글 이벤트,2024-07-29 12:00,2024-08-12 23:59,17130,7941,2177,27.414683289258278,45,2.067064768029398
36308,100068,멜론매거진이벤트,에디션m 제이팝 편 댓글 이벤트,2024-07-29 23:30,2024-08-12 23:59,15082,10331,678,6.562772238892653,10,1.4749262536873156
36314,100068,멜론매거진이벤트, 구공탄 (비투비) 댓글 이벤트,2024-07-31 18:00,2024-08-14 23:59,28329,18031,979,5.429538017858134,30,3.0643513789581207
36320,100068,멜론매거진이벤트,엘(L) 댓글 이벤트,2024-08-05 18:00,2024-08-19 23:59,20906,13493,509,3.77232639146224,24,4.715127701375246
36321,100068,멜론매거진이벤트,에디션m 클래식 편 댓글 이벤트,2024-08-05 23:30,2024-08-19 23:59,23843,16964,952,5.611883989625088,6,0.6302521008403361
36332,100068,멜론매거진이벤트,프로미스나인 댓글 이벤트,2024-08-12 18:00,2024-08-26 23:59,43771,30087,2306,7.6644397912719775,193,8.36947094535993
36330,100068,멜론매거진이벤트,재현 (JAEHYUN) 댓글 이벤트,2024-08-12 18:00,2024-08-26 23:59,49480,32004,2200,6.874140732408448,71,3.227272727272727
36333,100068,멜론매거진이벤트,RAPBEAT 2024 댓글 이벤트,2024-08-13 12:00,2024-08-27 23:59,16528,12341,1341,10.866218296734461,18,1.342281879194631
36335,100068,멜론매거진이벤트,LUCY 댓글 이벤트 ,2024-08-14 18:00,2024-08-28 23:59,25760,14835,1703,11.479609032692956,77,4.521432765707575
36340,100068,멜론매거진이벤트,Post Malone 댓글 이벤트,2024-08-16 12:00,2024-08-30 23:59,39611,29232,901,3.0822386425834702,12,1.3318534961154271
36336,100068,멜론매거진이벤트, NMIXX 댓글 이벤트,2024-08-19 18:00,2024-09-01 23:59,52728,21396,3466,16.19928958683866,231,6.664743219849971
36342,100068,멜론매거진이벤트,태민 (TAEMIN) 댓글 이벤트,2024-08-19 18:00,2024-09-02 23:59,33148,18785,1379,7.3409635347351605,204,14.793328498912256
36348,100068,멜론매거진이벤트,NCT DREAM 댓글 이벤트,2024-08-23 13:00,2024-09-06 23:59,43478,28132,3102,11.026588937864354,78,2.5145067698259185
36351,100068,멜론매거진이벤트,이세계아이돌 천일 축하 댓글 이벤트,2024-08-26 18:00,2024-09-01 23:59,136524,28956,6853,23.666942947920983,2556,37.29753392674741
36352,100068,멜론매거진이벤트,오마이걸 (OH MY GIRL) 댓글 이벤트,2024-08-26 18:00,2024-09-09 23:59,20595,13737,1096,7.978452354953775,54,4.927007299270073
36357,100068,멜론매거진이벤트,ZEROBASEONE (제로베이스원) 댓글 이벤트,2024-08-26 18:00,2024-09-09 23:59,34944,20052,3003,14.97606223818073,136,4.528804528804529
36361,100068,멜론매거진이벤트,멜론 데이터랩 댓글 이벤트 #41,2024-08-29 12:00,2024-09-12 23:59,48247,38133,502,1.3164450738205753,4,0.796812749003984
36359,100068,멜론매거진이벤트,Oasis 댓글 이벤트,2024-08-30 12:00,2024-09-13 23:59,32916,24300,2707,11.139917695473251,36,1.3298854820834873
36366,100068,멜론매거진이벤트,LE SSERAFIM (르세라핌) 댓글 이벤트,2024-08-30 13:00,2024-09-13 23:59,48560,27895,2762,9.901416024377129,116,4.1998551774076756
36370,100068,멜론매거진이벤트,MEOVV (미야오) 댓글 이벤트,2024-08-30 19:00,2024-09-10 23:59,50621,31051,1412,4.547357573025023,101,7.152974504249292
36371,100068,멜론매거진이벤트,영화 '비긴 어게인' 10주년 댓글 이벤트,2024-09-03 14:00,2024-09-08 23:59,16995,13402,723,5.3947172063871065,6,0.8298755186721992
36375,100068,멜론매거진이벤트,영탁 댓글 이벤트,2024-09-03 18:00,2024-09-17 23:59,12355,4810,767,15.945945945945947,27,3.5202086049543677
36374,100068,멜론매거진이벤트,온유 (ONEW) 댓글 이벤트,2024-09-03 18:00,2024-09-17 23:59,11717,6601,506,7.665505226480835,23,4.545454545454546
36378,100068,멜론매거진이벤트,RIIZE 댓글 이벤트,2024-09-04 12:00,2024-09-18 23:59,32228,19653,2910,14.806899709967944,82,2.8178694158075603
36376,100068,멜론매거진이벤트,'엄마친구아들' 댓글 이벤트 #1,2024-09-05 19:00,2024-09-19 23:59,52537,32448,2645,8.151503944773175,76,2.873345935727788
36394,100068,멜론매거진이벤트,MEOVV (미야오) 댓글 이벤트,2024-09-06 18:00,2024-09-20 23:59,39766,25540,998,3.907595927956147,32,3.2064128256513023
36381,100068,멜론매거진이벤트,백현 (BAEKHYUN) 댓글 이벤트,2024-09-06 18:00,2024-09-20 23:59,28869,16317,1868,11.448182876754306,180,9.635974304068522
36387,100068,멜론매거진이벤트,BOYNEXTDOOR 댓글 이벤트,2024-09-09 18:00,2024-09-23 23:59,28266,15052,3093,20.548764283816105,136,4.397025541545426
36397,100068,멜론매거진이벤트,aimyon 댓글 이벤트,2024-09-11 12:00,2024-09-25 23:59,24685,18920,625,3.30338266384778,15,2.4
36404,100068,멜론매거진이벤트,아이유 아티스트 & 무드 댓글 이벤트,2024-09-13 12:00,2024-09-23 23:59,65306,44582,2757,6.184110178996007,54,1.958650707290533
36406,100068,멜론매거진이벤트,플리마켓 셀러모집 댓글 이벤트,2024-09-13 12:00,2024-10-31 23:59,92808,49290,9175,18.614323392168796,116,1.2643051771117166
36401,100068,멜론매거진이벤트,'엄마친구아들' 댓글 이벤트 #2,2024-09-13 14:00,2024-09-27 23:59,22646,13275,1555,11.713747645951036,21,1.35048231511254
36405,100068,멜론매거진이벤트,LIVE CLUB DAY 댓글 이벤트,2024-09-13 14:00,2024-09-19 23:59,29589,23334,797,3.4156166966658095,7,0.8782936010037641
36410,100068,멜론매거진이벤트,연준 댓글 이벤트,2024-09-19 18:00,2024-10-03 23:59,39238,21883,2725,12.452588767536444,168,6.165137614678899
36418,100068,멜론매거진이벤트,FIFTY FIFTY 댓글 이벤트,2024-09-20 13:00,2024-10-04 23:59,30414,21436,704,3.284194812465012,35,4.971590909090909
36420,100068,멜론매거진이벤트,QWER 댓글 이벤트,2024-09-23 18:00,2024-10-07 23:59,52822,34872,2872,8.235833906859371,97,3.377437325905292
36419,100068,멜론매거진이벤트,키 (KEY) 댓글 이벤트,2024-09-23 18:00,2024-10-07 23:59,20014,12061,1064,8.821822402785838,97,9.11654135338346
36423,100068,멜론매거진이벤트,강다니엘 댓글 이벤트,2024-09-23 18:00,2024-10-07 23:59,14738,8593,615,7.156988246246946,52,8.455284552845528
36425,100068,멜론매거진이벤트,NCT WISH 댓글 이벤트,2024-09-24 18:00,2024-10-08 23:59,42734,23017,4158,18.06490854585741,239,5.747955747955748
36428,100068,멜론매거진이벤트,DAY6 댓글 이벤트,2024-09-26 14:00,2024-10-09 23:59,69092,31958,7138,22.335565429626385,189,2.6478005043429533
36432,100068,멜론매거진이벤트,Christopher X 이영지 댓글 이벤트,2024-09-27 12:00,2024-10-11 23:59,30172,23052,835,3.6222453583203196,8,0.9580838323353293
36426,100068,멜론매거진이벤트,멜론 데이터랩 댓글 이벤트 #42,2024-09-27 12:00,2024-10-11 23:59,20695,14812,773,5.218741560896571,12,1.5523932729624839
36443,100068,멜론매거진이벤트,YENA (최예나) 댓글 이벤트,2024-09-30 18:00,2024-10-14 23:59,12833,8443,1052,12.460026057088712,35,3.326996197718631
36440,100068,멜론매거진이벤트,플리마켓 인생 플리 상담소 댓글 이벤트,2024-10-02 10:00,2024-10-31 23:59,103295,53665,10458,19.487561725519427,161,1.5394912985274432
36446,100068,멜론매거진이벤트,이창섭 댓글 이벤트,2024-10-02 18:00,2024-10-16 23:59,42979,26244,2193,8.356195701874714,72,3.283173734610123
36439,100068,멜론매거진이벤트,Coldplay 댓글 이벤트,2024-10-04 00:00,2024-10-18 23:59,23856,12915,2888,22.361595044521874,32,1.10803324099723
36429,100068,멜론매거진이벤트,'엄마친구아들' 댓글 이벤트 #3,2024-10-05 19:00,2024-10-20 23:59,50622,33832,3083,9.112674391109008,64,2.0759000973078168
36450,100068,멜론매거진이벤트,이무진 댓글 이벤트,2024-10-07 18:00,2024-10-21 23:59,19396,12176,913,7.498357424441525,30,3.285870755750274
36445,100068,멜론매거진이벤트,박재범 댓글 이벤트,2024-10-08 18:00,2024-10-22 23:59,21837,10236,1731,16.910902696365767,44,2.541883304448296
36456,100068,멜론매거진이벤트,LIVE CLUB DAY 댓글 이벤트,2024-10-11 18:00,2024-10-18 23:59,18348,14336,1047,7.3032924107142865,13,1.241642788920726
36453,100068,멜론매거진이벤트,"아뭘듣 스페셜! 유재석, 미미미누, 노을이, 다나카는 뭘 듣니? 댓글 이벤트",2024-10-11 18:00,2024-10-24 23:59,58022,39406,982,2.492006293457849,8,0.8146639511201629
36460,100068,멜론매거진이벤트,세븐틴 (SEVENTEEN) 댓글 이벤트,2024-10-14 18:00,2024-10-28 23:59,50884,24175,5630,23.28852119958635,401,7.122557726465365
36461,100068,멜론매거진이벤트,KISS OF LIFE 댓글 이벤트,2024-10-15 18:00,2024-10-29 23:59,24605,16458,1644,9.98906306963179,49,2.980535279805353
36467,100068,멜론매거진이벤트,제니 (JENNIE) 댓글 이벤트,2024-10-16 12:00,2024-10-30 23:59,36129,25253,2457,9.729537084702807,42,1.7094017094017095
36466,100068,멜론매거진이벤트,로이킴 댓글 이벤트,2024-10-16 18:00,2024-10-30 23:59,10843,7630,759,9.947575360419398,21,2.766798418972332
36471,100068,멜론매거진이벤트,ITZY (있지) 댓글 이벤트 ,2024-10-18 18:00,2024-11-01 23:59,17656,12366,1169,9.45333980268478,24,2.0530367835757057
36478,100068,멜론매거진이벤트,로제 (ROSÉ) 댓글 이벤트,2024-10-21 12:00,2024-11-04 23:59,39602,27556,4527,16.428364058644217,63,1.3916500994035785
36470,100068,멜론매거진이벤트,아모레몰X러브이즈트루 댓글 이벤트,2024-10-21 12:00,2024-10-31 23:59,5985,4357,691,15.85953637824191,10,1.447178002894356
36476,100068,멜론매거진이벤트, 아일릿(ILLIT) 댓글 이벤트,2024-10-21 18:00,2024-11-04 23:59,37685,25658,2748,10.710109907241407,81,2.947598253275109
36483,100068,멜론매거진이벤트,멜론 서포터즈 15기 모집 댓글 이벤트,2024-10-22 12:00,2024-11-03 23:59,25062,17315,1275,7.363557609009528,24,1.8823529411764703
36473,100068,멜론매거진이벤트,조용필 댓글 이벤트,2024-10-22 18:00,2024-11-05 23:59,32878,20247,3097,15.296093248382475,57,1.8404907975460123
36490,100068,멜론매거진이벤트,하현상 댓글 이벤트,2024-10-23 18:00,2024-11-06 23:59,5974,2949,788,26.720922346558158,35,4.441624365482234
36482,100068,멜론매거진이벤트,tripleS (트리플에스) 댓글 이벤트,2024-10-23 18:00,2024-11-06 23:59,13781,9000,693,7.7,25,3.6075036075036073
36489,100068,멜론매거진이벤트,볼빨간사춘기 댓글 이벤트,2024-10-23 18:00,2024-11-06 23:59,14433,10278,636,6.187974314068885,26,4.088050314465408
36491,100068,멜론매거진이벤트,이승윤 댓글 이벤트,2024-10-24 18:00,2024-11-07 23:59,21161,9121,1316,14.428242517267845,55,4.179331306990881
36494,100068,멜론매거진이벤트,재현 (JAEHYUN) 댓글 이벤트,2024-10-24 18:00,2024-11-07 23:59,20937,13038,1708,13.100168737536432,42,2.459016393442623
36501,100068,멜론매거진이벤트,더보이즈 (THE BOYZ) 댓글 이벤트,2024-10-28 18:00,2024-11-11 23:59,24655,13253,2093,15.792650720591563,164,7.835642618251313
36505,100068,멜론매거진이벤트,STAYC(스테이씨) 댓글 이벤트,2024-10-30 18:00,2024-11-13 23:59,18494,12215,876,7.171510437986083,49,5.5936073059360725
36511,100068,멜론매거진이벤트,멜론 데이터랩 댓글 이벤트 #43,2024-10-31 12:00,2024-11-14 23:59,43229,32240,1465,4.5440446650124064,21,1.4334470989761092
36503,100068,멜론매거진이벤트,블루노트 85주년 댓글 이벤트 #4,2024-10-31 14:00,2024-11-14 23:59,7834,6193,579,9.34926529953173,8,1.381692573402418
36510,100068,멜론매거진이벤트,BABYMONSTER 댓글 이벤트,2024-11-01 13:00,2024-11-15 23:59,9956,5963,811,13.60053664262955,25,3.082614056720099
36514,100068,멜론매거진이벤트,민호 (MINHO) 댓글 이벤트,2024-11-04 18:00,2024-11-18 23:59,12378,8450,563,6.662721893491125,32,5.683836589698046
36509,100068,멜론매거진이벤트,투모로우바이투게더 댓글 이벤트,2024-11-04 18:00,2024-11-18 23:59,62232,24054,5155,21.430947035836034,268,5.198836081474297
36515,100068,멜론매거진이벤트,성진 댓글 이벤트,2024-11-05 18:00,2024-11-19 23:59,24176,11455,2470,21.562636403317327,119,4.817813765182186
36519,100068,멜론매거진이벤트,헤이즈 (Heize) 댓글 이벤트,2024-11-06 18:00,2024-11-20 23:59,11589,8415,513,6.096256684491978,17,3.313840155945419
36524,100068,멜론매거진이벤트,VIVIZ (비비지) 댓글 이벤트,2024-11-07 18:00,2024-11-21 23:59,12402,7419,783,10.553983016579053,26,3.3205619412515963
36526,100068,멜론매거진이벤트,Jamie xx 댓글 이벤트 ,2024-11-08 15:00,2024-11-19 23:59,11050,8656,584,6.7467652495378925,11,1.8835616438356164
36532,100068,멜론매거진이벤트,엔하이픈 (ENHYPEN) 댓글 이벤트,2024-11-11 18:00,2024-11-25 23:59,9663,5371,554,10.314652764848258,17,3.068592057761733
36525,100068,멜론매거진이벤트,NCT DREAM 댓글 이벤트,2024-11-11 18:00,2024-11-25 23:59,58707,26088,5104,19.56455075130328,149,2.9192789968652035
36530,100068,멜론매거진이벤트,더 그레이트 OST 댓글 이벤트,2024-11-12 18:00,2024-11-18 23:59,62411,29434,1640,5.571787728477271,26,1.5853658536585367
36533,100068,멜론매거진이벤트,LIVE CLUB DAY 댓글 이벤트,2024-11-13 12:00,2024-11-21 23:59,14239,11061,889,8.03724798842781,17,1.9122609673790776
36544,100068,멜론매거진이벤트,LINKIN PARK 댓글 이벤트,2024-11-15 12:00,2024-11-29 23:59,11649,8455,1033,12.217622708456535,21,2.032913843175218
36543,100068,멜론매거진이벤트,진 댓글 이벤트,2024-11-15 14:00,2024-11-29 23:59,31878,18237,3455,18.945001919175304,83,2.402315484804631
36548,100068,멜론매거진이벤트,MEOVV (미야오) 댓글 이벤트,2024-11-18 18:00,2024-12-02 23:59,15308,9687,560,5.780943532569423,23,4.107142857142857
36546,100068,멜론매거진이벤트,태연 (TAEYEON) 댓글 이벤트,2024-11-18 18:00,2024-12-02 23:59,35215,24125,1743,7.224870466321244,42,2.4096385542168677
36563,100068,멜론매거진이벤트,디즈니 '모아나 2' OST 댓글 이벤트,2024-11-22 12:00,2024-11-27 23:59,38789,28483,5074,17.814134747042097,57,1.1233740638549468
36570,100068,멜론매거진이벤트,TWS (투어스) 댓글 이벤트,2024-11-25 18:00,2024-12-09 23:59,25369,15041,1489,9.89960773884715,53,3.5594358629952985
36576,100068,멜론매거진이벤트,아이린 (IRENE) 댓글 이벤트,2024-11-26 18:00,2024-12-10 23:59,14994,9580,847,8.84133611691023,36,4.250295159386068
36579,100068,멜론매거진이벤트,블루노트 85주년 댓글 이벤트 #5,2024-11-28 14:00,2024-12-12 23:59,7749,6108,657,10.75638506876228,8,1.21765601217656
36578,100068,멜론매거진이벤트,멜론 데이터랩 댓글 이벤트 #44,2024-11-28 17:00,2024-12-12 23:59,100826,74981,1771,2.361931689361305,29,1.637492941840768
36582,100068,멜론매거진이벤트,로열 클래식 발레단 '호두까기 인형' 댓글 이벤트,2024-12-02 18:00,2024-12-15 23:59,4864,3476,647,18.613348676639816,8,1.2364760432766615
36585,100068,멜론매거진이벤트,디에잇 (SEVENTEEN) 댓글 이벤트,2024-12-04 11:00,2024-12-18 23:59,24043,16076,1080,6.718089076884798,29,2.685185185185185
36588,100068,멜론매거진이벤트,TREASURE (트레저) 댓글 이벤트,2024-12-05 18:00,2024-12-19 23:59,13938,8508,642,7.5458392101551475,58,9.034267912772584
36590,100068,멜론매거진이벤트,CRAVITY 댓글 이벤트,2024-12-05 18:00,2024-12-19 23:59,12120,6853,526,7.675470596818911,34,6.4638783269961975
36591,100068,멜론매거진이벤트,로제 (ROSÉ) 댓글 이벤트,2024-12-06 00:00,2024-12-20 23:59,48192,29439,4249,14.433234824552466,44,1.0355377735937867
36599,100068,멜론매거진이벤트,TWICE (트와이스) 댓글 이벤트,2024-12-06 14:00,2024-12-20 23:59,32153,24050,1035,4.303534303534303,43,4.154589371980676
36611,100068,멜론매거진이벤트,멜론 데이터랩 댓글 이벤트 #45,2024-12-12 12:00,2024-12-26 23:59,54091,39057,1138,2.9136902475868602,15,1.3181019332161688
36609,100068,멜론매거진이벤트,Mariah Carey 댓글 이벤트,2024-12-13 12:00,2024-12-27 23:59,35858,27285,1134,4.156129741616272,23,2.0282186948853616
36613,100068,멜론매거진이벤트,Stray Kids (스트레이 키즈) 댓글 이벤트,2024-12-13 14:00,2024-12-27 23:59,17927,7973,1521,19.076884485137338,87,5.719921104536489
36614,100068,멜론매거진이벤트,마크 (MARK) 댓글 이벤트,2024-12-16 18:00,2024-12-30 23:59,29798,18957,1931,10.186210898348895,99,5.126877265665458
36618,100068,멜론매거진이벤트,aespa 댓글 이벤트,2024-12-17 12:00,2024-12-31 23:59,56472,32702,3682,11.259250198764601,68,1.8468223791417708
36616,100068,멜론매거진이벤트,TWS (투어스) 댓글 이벤트,2024-12-17 14:00,2024-12-31 23:59,32260,18233,2685,14.72604618000329,46,1.7132216014897579
36621,100068,멜론매거진이벤트,SMTOWN 댓글 이벤트 #1,2024-12-19 14:00,2024-12-29 23:59,151150,95053,21301,22.409603063554016,252,1.1830430496220834
36627,100068,멜론매거진이벤트,박효신 댓글 이벤트,2024-12-20 12:00,2025-01-03 23:59,111074,67638,6091,9.005292882699074,226,3.710392382203251
36629,100068,멜론매거진이벤트,스포트라이트 하반기 결산 댓글 이벤트,2024-12-23 15:00,2025-01-06 23:59,49405,36816,1831,4.973381138635376,41,2.239213544511196
36632,100068,멜론매거진이벤트,투모로우바이투게더 댓글 이벤트 ,2024-12-24 12:00,2025-01-07 23:59,49185,22823,4604,20.172632870350085,118,2.562988705473501
36636,100068,멜론매거진이벤트,멜론 데이터랩 댓글 이벤트 #46,2024-12-30 12:00,2025-01-13 23:59,32206,24124,1126,4.667550986569392,18,1.5985790408525755
36638,100068,멜론매거진이벤트,IVE (아이브) 댓글 이벤트,2025-01-06 12:00,2025-01-20 23:59,50970,24155,3942,16.319602566756362,144,3.65296803652968
36644,100068,멜론매거진이벤트,ZEROBASEONE (제로베이스원) 댓글 이벤트,2025-01-07 12:00,2025-01-21 23:59,46459,21556,3267,15.155873074781963,86,2.632384450566269
36646,100068,멜론매거진이벤트,RIIZE 댓글 이벤트,2025-01-08 18:00,2025-01-22 23:59,58714,27133,5873,21.645229056868022,320,5.448663374765878
36647,100068,멜론매거진이벤트,부석순 (SEVENTEEN) 댓글 이벤트,2025-01-08 18:00,2025-01-22 23:59,41636,24476,3943,16.10965844092172,128,3.2462591935074814
36648,100068,멜론매거진이벤트,BOYNEXTDOOR 댓글 이벤트,2025-01-09 18:00,2025-01-23 23:59,51549,21562,6259,29.02791948798813,161,2.5722958939127656
36650,100068,멜론매거진이벤트,KickFlip(킥플립) 댓글 이벤트 #1,2025-01-10 12:00,2025-01-15 23:59,24373,14828,1808,12.193148098192609,60,3.3185840707964607
36653,100068,멜론매거진이벤트,여자친구 (GFRIEND) 댓글 이벤트,2025-01-13 18:00,2025-01-27 23:59,13314,6748,1215,18.005334914048607,33,2.7160493827160495
36652,100068,멜론매거진이벤트,다비치 댓글 이벤트,2025-01-14 12:00,2025-01-28 23:59,28951,22054,1116,5.060306520359119,16,1.4336917562724014
36655,100068,멜론매거진이벤트,멜론 데이터랩 댓글 이벤트 #47,2025-01-15 12:00,2025-01-29 23:59,46048,32829,2359,7.185719942733559,28,1.1869436201780417
36663,100068,멜론매거진이벤트,조성진 댓글 이벤트 ,2025-01-17 12:00,2025-01-31 23:59,11115,7010,614,8.758915834522112,8,1.3029315960912053
36666,100068,멜론매거진이벤트,SMTOWN 댓글 이벤트 #2,2025-01-20 14:00,2025-02-03 23:59,42956,28640,3494,12.199720670391063,77,2.2037779049799657
36665,100068,멜론매거진이벤트,KickFlip(킥플립) 댓글 이벤트 #2,2025-01-20 18:00,2025-02-03 23:59,30260,19380,1218,6.28482972136223,45,3.6945812807881775
36668,100068,멜론매거진이벤트,ZEROBASEONE (제로베이스원) 댓글 이벤트,2025-01-20 18:00,2025-02-03 23:59,17592,7087,1896,26.753210103005504,107,5.643459915611814
36669,100068,멜론매거진이벤트,민니 댓글 이벤트,2025-01-21 18:00,2025-02-04 23:59,23771,15744,861,5.46875,21,2.4390243902439024
36661,100068,멜론매거진이벤트,영화 '말할 수 없는 비밀' 댓글 이벤트,2025-01-21 19:00,2025-01-30 23:59,41300,26487,1686,6.365386793521351,37,2.1945432977461445
36672,100068,멜론매거진이벤트,NCT WISH 댓글 이벤트,2025-01-22 18:00,2025-02-05 23:59,84790,37152,5864,15.783807062876832,465,7.929740791268758
36677,100068,멜론매거진이벤트,Bruno Mars 댓글 이벤트,2025-01-24 15:00,2025-02-07 23:59,49204,36429,1001,2.747810810068901,11,1.098901098901099
36679,100068,멜론매거진이벤트,SM CLASSICS 댓글 이벤트,2025-01-24 18:00,2025-02-03 23:59,26518,19421,897,4.618711703825755,7,0.7803790412486065
36682,100068,멜론매거진이벤트,The Weeknd 댓글 이벤트,2025-01-31 18:00,2025-02-14 23:59,26373,19634,535,2.7248650300499135,12,2.2429906542056073
36685,100068,멜론매거진이벤트,IVE (아이브) 댓글 이벤트,2025-02-03 18:00,2025-02-17 23:59,88561,47061,5672,12.052442574530927,136,2.3977433004231314
36688,100068,멜론매거진이벤트,RESCENE (리센느) 댓글 이벤트,2025-02-05 18:00,2025-02-19 23:59,37065,28003,622,2.221190586722851,11,1.7684887459807075
36694,100068,멜론매거진이벤트,Hearts2Hearts (하츠투하츠) 댓글 이벤트 #1,2025-02-10 18:00,2025-02-16 23:59,37458,20935,2190,10.460950561261047,86,3.9269406392694064
36698,100068,멜론매거진이벤트,IVE (아이브) 댓글 이벤트,2025-02-12 14:00,2025-02-26 23:59,32309,18019,2142,11.887452133858705,27,1.2605042016806722
36702,100068,멜론매거진이벤트,BUZZER BEAT FESTIVAL 2025 댓글 이벤트,2025-02-13 12:00,2025-02-19 23:59,12357,9357,518,5.535962381105055,8,1.5444015444015444
36705,100068,멜론매거진이벤트,LIVE CLUB DAY 댓글 이벤트,2025-02-14 15:00,2025-02-20 23:59,11708,8926,753,8.436029576518036,13,1.7264276228419653
36693,100068,멜론매거진이벤트,SMTOWN 댓글 이벤트 #3,2025-02-14 18:00,2025-02-28 23:59,79294,49598,3546,7.149481833944916,70,1.9740552735476595
36706,100068,멜론매거진이벤트,ZEROBASEONE (제로베이스원) 첫 만남 600일 기념 댓글 이벤트,2025-02-17 14:00,2025-03-03 23:59,35924,18630,2189,11.749865807836821,51,2.3298309730470534
36710,100068,멜론매거진이벤트,수지 (Suzy) 댓글 이벤트,2025-02-17 18:00,2025-03-03 23:59,29078,20080,1972,9.820717131474103,40,2.028397565922921
36713,100068,멜론매거진이벤트,온앤오프 (ONF) 댓글 이벤트,2025-02-18 18:00,2025-03-04 23:59,21386,14153,585,4.133399279304741,26,4.444444444444445
36716,100068,멜론매거진이벤트,제니 (JENNIE) 댓글 이벤트,2025-02-21 14:00,2025-03-07 23:59,35970,25254,1299,5.143739605607032,30,2.3094688221709005
36721,100068,멜론매거진이벤트,Hearts2Hearts (하츠투하츠) 댓글 이벤트 #2,2025-02-24 18:00,2025-03-09 23:59,33858,21320,1097,5.145403377110694,36,3.2816773017319965
36728,100068,멜론매거진이벤트,KiiiKiii (키키) 댓글 이벤트,2025-02-26 18:00,2025-03-12 23:59,36345,24725,1444,5.840242669362993,69,4.778393351800554
36732,100068,멜론매거진이벤트,멜터뷰 댓글 이벤트,2025-02-27 15:00,2025-03-31 23:59,101422,72339,3984,5.507402645875669,36,0.9036144578313252
36733,100068,멜론매거진이벤트,멜론 데이터랩 댓글 이벤트 #48,2025-02-28 15:00,2025-03-14 23:59,61864,41617,3662,8.799288752192613,36,0.9830693610049154
36740,100068,멜론매거진이벤트,비투비 댓글 이벤트,2025-03-05 18:00,2025-03-19 23:59,14761,9070,786,8.665931642778391,28,3.5623409669211195
36746,100068,멜론매거진이벤트,10CM 댓글 이벤트,2025-03-06 18:00,2025-03-20 23:59,28449,20504,519,2.531213421771362,29,5.5876685934489405
36741,100068,멜론매거진이벤트,인피니트 댓글 이벤트,2025-03-06 18:00,2025-03-20 23:59,19596,11571,1065,9.204044594244232,77,7.230046948356808
36743,100068,멜론매거진이벤트,Lady Gaga 댓글 이벤트,2025-03-07 12:00,2025-03-21 23:59,19692,15029,749,4.983698183511877,15,2.0026702269692924
36750,100068,멜론매거진이벤트,j-hope 댓글 이벤트,2025-03-07 14:00,2025-03-21 23:59,40362,24371,2886,11.84194329325838,164,5.682605682605683
36747,100068,멜론매거진이벤트,TREASURE (트레저) 댓글 이벤트,2025-03-07 18:00,2025-03-21 23:59,10149,6251,539,8.622620380739082,19,3.525046382189239
36751,100068,멜론매거진이벤트,Hearts2Hearts (하츠투하츠) 댓글 이벤트 #3,2025-03-10 12:00,2025-03-24 23:59,18055,11407,659,5.777154378890155,11,1.669195751138088
36754,100068,멜론매거진이벤트,슬기 (SEULGI) 댓글 이벤트,2025-03-10 18:00,2025-03-24 23:59,14517,9975,632,6.335839598997493,31,4.90506329113924
36756,100068,멜론매거진이벤트,호시X우지 (SEVENTEEN) 댓글 이벤트,2025-03-10 18:00,2025-03-24 23:59,18004,10100,2175,21.534653465346533,75,3.4482758620689653
36753,100068,멜론매거진이벤트,예지 (ITZY) 댓글 이벤트,2025-03-10 18:00,2025-03-24 23:59,17133,12585,761,6.046881207787048,39,5.124835742444152
36757,100068,멜론매거진이벤트,KiiiKiii (키키) 댓글 이벤트 #1,2025-03-12 18:00,2025-03-18 23:59,26209,15224,1933,12.697057277982132,43,2.224521469218831
36767,100068,멜론매거진이벤트,Coldplay 댓글 이벤트,2025-03-17 12:00,2025-03-31 23:59,42887,29213,5360,18.347995755314415,95,1.7723880597014925
36764,100068,멜론매거진이벤트,NMIXX 댓글 이벤트,2025-03-17 18:00,2025-03-31 23:59,26145,15288,1610,10.531135531135531,98,6.086956521739131
36769,100068,멜론매거진이벤트,더보이즈 (THE BOYZ) 댓글 이벤트,2025-03-17 18:00,2025-03-31 23:59,16341,10577,836,7.903942516781696,65,7.775119617224881
36768,100068,멜론매거진이벤트,STAYC(스테이씨) 댓글 이벤트,2025-03-18 18:00,2025-04-01 23:59,12684,7551,625,8.277049397430805,31,4.96
36772,100068,멜론매거진이벤트,마크 (MARK) 선공개 매거진 댓글 이벤트,2025-03-19 18:00,2025-03-26 23:59,37122,19788,2513,12.699615928845764,198,7.879029048945483
36776,100068,멜론매거진이벤트,장범준 댓글 이벤트,2025-03-20 18:00,2025-04-03 23:59,28133,20179,604,2.9932107636651963,16,2.6490066225165565
36779,100068,멜론매거진이벤트,멜론 데이터랩 댓글 이벤트 #49,2025-03-21 15:00,2025-04-04 23:59,28708,21398,721,3.369473782596504,8,1.1095700416088765
36777,100068,멜론매거진이벤트,멜터뷰 내가 만든 플리 댓글 이벤트,2025-03-24 15:00,2025-04-23 23:59,125102,91781,2469,2.690099258016365,21,0.850546780072904
36782,100068,멜론매거진이벤트,KiiiKiii (키키) 댓글 이벤트 #2,2025-03-24 18:00,2025-04-04 23:59,26089,17331,612,3.531244590617968,15,2.450980392156863
36785,100068,멜론매거진이벤트,Xdinary Heroes 댓글 이벤트,2025-03-24 18:00,2025-04-07 23:59,12086,7631,538,7.050190014414887,35,6.5055762081784385
36799,100068,멜론매거진이벤트,범규 댓글 이벤트,2025-03-27 18:00,2025-04-10 23:59,22512,12154,1559,12.827052822116174,64,4.105195638229634
36804,100068,멜론매거진이벤트,izna (이즈나) 댓글 이벤트,2025-03-31 18:00,2025-04-14 23:59,30744,21135,857,4.054885261414714,25,2.9171528588098017
36815,100068,멜론매거진이벤트,카이 (KAI) 댓글 이벤트,2025-04-03 18:00,2025-04-17 23:59,17009,12031,546,4.538276120023274,29,5.311355311355311
36818,100068,멜론매거진이벤트,KiiiKiii (키키) 댓글 이벤트 #3,2025-04-07 12:00,2025-04-21 23:59,13823,9622,504,5.237996258574102,8,1.5873015873015872
36816,100068,멜론매거진이벤트,Coldplay 댓글 이벤트 #1,2025-04-08 12:00,2025-04-27 23:59,24599,18145,1483,8.173050427114907,18,1.2137559002022926
36823,100068,멜론매거진이벤트,대성 댓글 이벤트,2025-04-08 18:00,2025-04-22 23:59,17482,8652,1147,13.257050392972722,48,4.184829991281604
36824,100068,멜론매거진이벤트,Coldplay 댓글 이벤트 #2,2025-04-09 18:00,2025-04-27 23:59,36356,24199,2119,8.756560188437538,22,1.0382255781028786
36822,100068,멜론매거진이벤트,오마이걸 (OH MY GIRL) 댓글 이벤트,2025-04-09 18:00,2025-04-23 23:59,22930,16522,649,3.9280958721704398,25,3.8520801232665636
36839,100068,멜론매거진이벤트,LIVE CLUB DAY 댓글 이벤트,2025-04-11 12:00,2025-04-17 23:59,17066,13718,1091,7.953054381105118,12,1.0999083409715857
36845,100068,멜론매거진이벤트,NCT WISH 댓글 이벤트,2025-04-14 18:00,2025-04-28 23:59,52625,19751,4483,22.697584932408486,327,7.294222618782066
36858,100068,멜론매거진이벤트,츄 (CHUU) 댓글 이벤트,2025-04-21 18:00,2025-05-05 23:59,14608,10745,561,5.221033038622616,9,1.6042780748663104
36856,100068,멜론매거진이벤트,TWS (투어스) 댓글 이벤트,2025-04-21 18:00,2025-05-05 23:59,24430,15277,1326,8.679714603652549,59,4.44947209653092
36866,100068,멜론매거진이벤트,Hebi 댓글 이벤트,2025-04-23 12:00,2025-05-07 23:59,32318,9381,1445,15.403475109263404,209,14.463667820069205
36862,100068,멜론매거진이벤트,멜터뷰 #2 댓글 이벤트,2025-04-23 12:00,2025-05-23 23:59,72538,52349,2252,4.301896884372194,33,1.4653641207815276
36861,100068,멜론매거진이벤트,LUCY 댓글 이벤트,2025-04-23 18:00,2025-05-07 23:59,16414,10826,825,7.620543136892666,24,2.909090909090909
36865,100068,멜론매거진이벤트,하현상 댓글 이벤트,2025-04-23 18:00,2025-05-07 23:59,15636,10938,617,5.640884988114829,13,2.106969205834684
36868,100068,멜론매거진이벤트,멜론 데이터랩 댓글 이벤트 #50,2025-04-24 15:00,2025-05-08 23:59,20807,14748,1161,7.872253864930838,5,0.4306632213608958
36869,100068,멜론매거진이벤트,굿데이 2025 댓글 이벤트,2025-04-24 18:00,2025-05-01 23:59,47479,27603,3800,13.766619570336559,58,1.526315789473684
36875,100068,멜론매거진이벤트,하이라이트 (HIGHLIGHT) 댓글 이벤트,2025-04-28 18:00,2025-05-12 23:59,22005,14741,1063,7.211179702869548,34,3.1984948259642523
36876,100068,멜론매거진이벤트,잔나비 댓글 이벤트,2025-04-28 18:00,2025-05-12 23:59,27075,17686,1273,7.197783557616194,69,5.420267085624509
36887,100068,멜론매거진이벤트,멜터뷰 #3 댓글 이벤트,2025-04-30 12:00,2025-05-30 23:59,87216,62977,2541,4.034806357876685,37,1.4561196379378198
36885,100068,멜론매거진이벤트,서울재즈페스티벌 2025 댓글 이벤트,2025-04-30 15:00,2025-05-18 23:59,737549,479795,21210,4.420637980804302,123,0.5799151343705798
36877,100068,멜론매거진이벤트,트랙제로 댓글 이벤트 #132,2025-05-01 10:30,2025-05-09 23:59,16700,13271,504,3.797754502298244,6,1.1904761904761905
36886,100068,멜론매거진이벤트,투모로우바이투게더 댓글 이벤트,2025-05-02 13:00,2025-05-16 23:59,26584,15642,1737,11.104718066743382,79,4.548071387449626
36894,100068,멜론매거진이벤트,NewKids 댓글 이벤트,2025-05-07 18:00,2025-05-21 23:59,24523,11055,518,4.685662596110357,51,9.845559845559846
36898,100068,멜론매거진이벤트,DAY6 (데이식스) 댓글 이벤트,2025-05-07 18:00,2025-05-21 23:59,48581,27179,3424,12.597961661576953,336,9.813084112149532
36901,100068,멜론매거진이벤트,tripleS (트리플에스) 댓글 이벤트,2025-05-12 18:00,2025-05-26 23:59,21854,14061,623,4.4306948296707205,39,6.260032102728733
36903,100068,멜론매거진이벤트,BOYNEXTDOOR 댓글 이벤트,2025-05-13 18:00,2025-05-27 23:59,40189,20404,3771,18.48167026073319,183,4.852824184566428
36914,100068,멜론매거진이벤트,i-dle (아이들) 댓글 이벤트,2025-05-19 18:00,2025-05-25 23:59,23187,15148,610,4.026934248745709,23,3.7704918032786887
36925,100068,멜론매거진이벤트,멜터뷰 #4 댓글 이벤트 ,2025-05-22 15:00,2025-06-30 23:59,107341,80062,2127,2.6566910644250705,22,1.0343206393982134
36927,100068,멜론매거진이벤트,SHINee (샤이니) 댓글 이벤트,2025-05-25 00:00,2025-06-08 23:59,25479,15437,1337,8.661009263457926,97,7.255048616305161
36928,100068,멜론매거진이벤트,레드벨벳-아이린&슬기 댓글 이벤트,2025-05-26 18:00,2025-06-09 23:59,17401,12765,631,4.9432040736388565,24,3.8034865293185423
36933,100068,멜론매거진이벤트,세븐틴 (SEVENTEEN) 댓글 이벤트,2025-05-26 18:00,2025-06-09 23:59,68798,33629,6068,18.043950162062504,380,6.262359920896507
36935,100068,멜론매거진이벤트,아이유 댓글 이벤트,2025-05-27 18:00,2025-06-10 23:59,133966,79279,8150,10.280149850527883,326,4.0
36934,100068,멜론매거진이벤트,이무진 댓글 이벤트,2025-05-27 18:00,2025-06-10 23:59,16516,10708,642,5.995517370190512,17,2.64797507788162
36938,100068,멜론매거진이벤트,멜터뷰 #5 댓글 이벤트 ,2025-05-28 12:00,2025-06-30 23:59,67763,48127,3007,6.248052029006587,31,1.0309278350515463
36939,100068,멜론매거진이벤트,엔플라잉 (N.Flying) 댓글 이벤트,2025-05-28 18:00,2025-06-11 23:59,28993,20167,787,3.9024148361184112,36,4.5743329097839895
36941,100068,멜론매거진이벤트,멜론 데이터랩 댓글 이벤트 #51,2025-05-30 12:00,2025-06-13 23:59,48072,37150,782,2.1049798115746974,9,1.1508951406649617
36947,100068,멜론매거진이벤트,RIIZE 댓글 이벤트,2025-06-04 14:00,2025-06-18 23:59,33079,19783,2908,14.699489460648033,30,1.031636863823934
36946,100068,멜론매거진이벤트,엔하이픈 (ENHYPEN) 댓글 이벤트,2025-06-05 13:00,2025-06-19 23:59,26750,12115,1605,13.248039620305407,85,5.29595015576324
36957,100068,멜론매거진이벤트,도영 (DOYOUNG) 댓글 이벤트,2025-06-09 18:00,2025-06-23 23:59,24435,14076,1880,13.356067064506963,79,4.202127659574468
36961,100068,멜론매거진이벤트,QWER 댓글 이벤트,2025-06-09 18:00,2025-06-23 23:59,21267,12076,1561,12.926465717124877,98,6.278026905829597
36960,100068,멜론매거진이벤트,izna (이즈나) 댓글 이벤트,2025-06-09 18:00,2025-06-23 23:59,11846,7595,611,8.04476629361422,9,1.4729950900163666
36962,100068,멜론매거진이벤트,KISS OF LIFE 댓글 이벤트,2025-06-09 18:00,2025-06-23 23:59,24831,18071,894,4.947152896906646,30,3.3557046979865772
36968,100068,멜론매거진이벤트,음악이 만든 나의 집 3화 댓글 이벤트,2025-06-11 19:00,2025-06-30 23:59,87175,60243,6090,10.109058313828992,45,0.7389162561576355
36971,100068,멜론매거진이벤트,BOYS II PLANET 댓글 이벤트,2025-06-12 18:00,2025-06-26 23:59,13245,9231,612,6.629834254143646,6,0.9803921568627451
36966,100068,멜론매거진이벤트,j-hope 댓글 이벤트,2025-06-13 13:00,2025-06-27 23:59,21371,14519,1104,7.603829464839176,23,2.083333333333333
36974,100068,멜론매거진이벤트,ATEEZ(에이티즈) 댓글 이벤트,2025-06-13 13:00,2025-06-27 23:59,16579,9923,793,7.991534818099365,43,5.422446406052964
36978,100068,멜론매거진이벤트,멜론X메론킥 댓글 이벤트,2025-06-16 14:00,2025-06-25 23:59,56427,39530,6087,15.398431570958765,57,0.9364218827008379
36976,100068,멜론매거진이벤트,아일릿(ILLIT) 댓글 이벤트,2025-06-16 18:00,2025-06-30 23:59,29895,18750,1211,6.458666666666667,65,5.367464905037159
36982,100068,멜론매거진이벤트,"ZEROBASEONE (김지웅, 리키, 김규빈, 한유진) 댓글 이벤트",2025-06-16 18:00,2025-06-30 23:59,15422,10118,707,6.987546946036765,15,2.1216407355021216
36268,100065,멜론이벤트,브루노 마스 라스베이거스 공연 샌딩 이벤트,2024-07-11 19:00,2024-07-28 23:59,74942,47053,6700,14.23926210868595,66,0.9850746268656717
36279,100065,멜론이벤트,[스포트라이트] NCT 127 [WALK] 발매 이벤트,2024-07-15 18:00,2024-08-05 23:59,116323,43336,3099,7.151098393944988,122,3.93675379154566
36313,100065,멜론이벤트,멜론라운지 VIP 영화 혜택 <리볼버> 예매권 이벤트,2024-07-29 18:00,2024-08-06 23:59,1503332,710782,61764,8.689584148163572,122,0.19752606696457486
36367,100065,멜론이벤트,[스포트라이트] DAY6 [Band Aid] 발매 이벤트,2024-09-02 18:00,2024-09-08 23:59,122176,54978,7802,14.191130997853687,842,10.792104588567033
36480,100065,멜론이벤트,[스포트라이트] aespa [Whiplash] 발매 이벤트,2024-10-21 18:00,2024-11-03 23:59,74281,42722,4374,10.238284724497916,107,2.446273433927755
36479,100065,멜론이벤트,멜론라운지 <롱레그스> 영화예매권 이벤트,2024-10-24 00:00,2024-10-29 23:59,19329,11630,4688,40.309544282029236,36,0.7679180887372014
36527,100065,멜론이벤트,[멜론라운지] 오늘의 퀴즈 이벤트,2024-11-26 00:00,2024-12-16 23:59,39238,13658,10959,80.23868794845512,664,6.058946984213888
36573,100065,멜론이벤트,[멜론라운지] 24년12월 VIP 이달의선물,2024-12-01 04:00,2024-12-25 23:59,381286,306964,147557,48.0698062313496,378,0.25617219108547884
36595,100065,멜론이벤트,멜론X하나투어 여행만렙 이벤트,2024-12-09 10:00,2024-12-29 23:59,236600,171320,4321,2.5221807144524866,19,0.43971302939134455
36605,100065,멜론이벤트,❄️윈터 멜론❄️,2024-12-10 17:00,2025-01-26 23:59,118267,74610,9059,12.141804047714784,148,1.633734407771277
36651,100065,멜론이벤트,멜론라운지 <검은수녀들> VIP 영화 혜택,2025-01-10 16:00,2025-01-22 23:59,243194,145360,46680,32.11337369290039,224,0.47986289631533846
36654,100065,멜론이벤트,[스포트라이트] IVE - REBEL HEART 발매 기념 팬밋업 초대 이벤트,2025-01-13 18:00,2025-01-22 23:59,93972,45583,4209,9.23370554812101,176,4.18151579947731
36678,100065,멜론이벤트,음악이 만든 나의 집 이벤트,2025-02-07 12:00,2025-02-28 23:59,358301,261403,8196,3.135388652769861,81,0.9882869692532943
36714,100065,멜론이벤트,[스포트라이트] ZEROBASEONE [BLUE PARADISE] 발매 이벤트,2025-02-24 18:00,2025-03-03 23:59,72324,33559,3949,11.767335141094788,207,5.241833375538111
36695,100065,멜론이벤트,[멜론라운지] 화이트데이 이벤트,2025-02-28 10:00,2025-03-14 23:59,296541,194689,68141,34.999922954044656,1207,1.771327101157893
36723,100065,멜론이벤트,평생 PLAVE 마이획득뱃지 이벤트,2025-02-28 12:00,2025-03-21 23:59,150118,33468,17010,50.82466833990678,327,1.9223985890652557
36749,100065,멜론이벤트,[스포트라이트] 제니 [Ruby] 발매 이벤트,2025-03-07 00:00,2025-03-20 23:59,44632,30313,2315,7.6369874311351555,46,1.9870410367170626
36760,100065,멜론이벤트,멜론라운지 <승부> VIP 영화 혜택,2025-03-12 10:00,2025-03-23 23:59,110383,69725,22394,32.11760487629975,133,0.593909082790033
36820,100065,멜론이벤트,[스포트라이트] 마크 [The Firstfruit] 발매 이벤트,2025-04-07 18:00,2025-04-20 23:59,51364,30982,3516,11.348524949970951,106,3.0147895335608648
36849,100065,멜론이벤트,멜론라운지 <파과> VIP 영화 혜택,2025-04-16 00:00,2025-04-28 23:59,131908,82868,25429,30.686151469807406,112,0.4404420150222187
36892,100065,멜론이벤트,멜론라운지 <DMZ 피스트레일 뮤직 페스티벌> VIP 초대이벤트,2025-05-07 09:30,2025-05-20 23:59,167825,104802,31152,29.724623575885957,107,0.34347714432460197
36913,100065,멜론이벤트,[스포트라이트] 진 [Echo] 발매 이벤트,2025-05-16 13:00,2025-05-30 23:59,75990,41006,5365,13.083451202263083,236,4.398881640260951
36915,100065,멜론이벤트,[스포트라이트] RIIZE [ODYSSEY] 발매 기념 팬밋업 초대 이벤트,2025-05-19 18:00,2025-05-25 23:59,143953,55144,11194,20.299579283330914,1158,10.344827586206897
36924,100065,멜론이벤트,멜론 혜택 <2025 대구힙합페스티벌> 멜론 VIP 초대이벤트,2025-05-21 00:00,2025-06-03 23:59,142554,83957,29182,34.75826911395119,139,0.47632101980673014
36953,100065,멜론이벤트,[멜론VIP혜택] 워터밤 서울 20% 단독 할인,2025-06-05 11:00,2025-06-11 23:59,417434,272577,17863,6.553377577711986,62,0.34708615574091695
66,100065,뮤직웨이브이벤트,🎁STAYC(스테이씨) 컴백 EVENT!,2024-07-01 18:00,2024-07-14 23:59,14001,7361,949,12.892270072001086,141,14.857744994731295
68,100065,뮤직웨이브이벤트,🎁NCT WISH 컴백 EVENT!,2024-07-04 18:00,2024-07-21 23:59,36167,10394,3142,30.22897825668655,262,8.338637810311903
67,100065,뮤직웨이브이벤트,🎁ENHYPEN 컴백 EVENT!,2024-07-12 18:00,2024-08-04 23:59,31890,7635,2218,29.050425671250817,389,17.538322813345356
69,100065,뮤직웨이브이벤트,🎁NCT 127 컴백 EVENT!,2024-07-23 18:00,2024-07-24 23:59,39392,12613,2839,22.508522952509317,50,1.7611835153222966
70,100065,뮤직웨이브이벤트,🎁라이엇게임즈 VALORANT 노래 듣고 사인 마우스패드 받자 !,2024-07-24 12:00,2024-08-04 23:59,13738,6013,1096,18.22717445534675,74,6.751824817518248
72,100065,뮤직웨이브이벤트,🎁 구공탄 (비투비)과 함께하는 대표팀 응원 EVENT!,2024-08-08 18:00,2024-08-18 23:59,21889,7464,1599,21.422829581993568,49,3.0644152595372107
73,100065,뮤직웨이브이벤트,🎁PLAVE 컴백 EVENT!,2024-08-20 18:00,2024-09-01 23:59,131909,28328,15069,53.19471900593052,3852,25.562412900656977
77,100065,뮤직웨이브이벤트,🎁이세계아이돌 데뷔 천일 역조공 EVENT!,2024-08-26 18:00,2024-09-01 23:59,44488,15028,4452,29.62470055895661,1938,43.53099730458221
75,100065,뮤직웨이브이벤트,🎁ZEROBASEONE (제로베이스원)컴백 EVENT!,2024-08-26 18:00,2024-09-08 23:59,31419,11260,3793,33.685612788632326,828,21.829686264170842
76,100065,뮤직웨이브이벤트,🎁재현 첫 솔로앨범 EVENT!,2024-08-26 18:00,2024-09-08 23:59,26703,12447,3464,27.82999919659356,268,7.736720554272518
74,100065,뮤직웨이브이벤트,🎁NMIXX 컴백 EVENT!,2024-08-26 18:00,2024-09-08 23:59,26138,9598,2760,28.75599083142321,128,4.63768115942029
78,100065,뮤직웨이브이벤트,🎁RIIZE 데뷔 1주년 기념 EVENT!,2024-09-04 12:00,2024-09-15 23:59,39994,14514,4936,34.00854347526526,374,7.576985413290113
79,100065,뮤직웨이브이벤트,🎁백현 컴백 EVENT!,2024-09-06 18:00,2024-09-22 23:59,40972,13569,4685,34.52723118873904,1104,23.564567769477055
80,100065,뮤직웨이브이벤트,🎁BOYNEXTDOOR 컴백 EVENT!,2024-09-09 18:00,2024-09-22 00:00,35753,12867,4565,35.478355483018575,539,11.80722891566265
83,100065,뮤직웨이브이벤트,🎁연준 첫 솔로 앨범 기념 EVENT!,2024-09-19 18:00,2024-09-29 23:59,58498,14788,5330,36.042737354611845,487,9.136960600375236
82,100065,뮤직웨이브이벤트,🎁화사 컴백 EVENT!,2024-09-23 12:00,2024-09-29 23:59,10479,5977,508,8.499247113936757,14,2.7559055118110236
81,100065,뮤직웨이브이벤트,🎁키 컴백 기념 EVENT!,2024-09-23 18:00,2024-10-06 23:59,47367,8408,2262,26.90294957183635,430,19.00972590627763
85,100065,뮤직웨이브이벤트,🎁NCT WISH컴백 EVENT!,2024-09-30 12:00,2024-10-13 23:59,42095,13267,4794,36.13477048315369,306,6.382978723404255
84,100065,뮤직웨이브이벤트,🎁QWER 컴백 기념 EVENT!,2024-09-30 12:00,2024-10-13 23:59,37563,10742,2822,26.270713088810275,333,11.800141743444366
88,100065,뮤직웨이브이벤트,🎁KISS OF LIFE 컴백 기념 EVENT!,2024-10-15 18:00,2024-10-27 23:59,12856,6579,1370,20.823833409332725,94,6.86131386861314
86,100065,뮤직웨이브이벤트,🎁ITZY 컴백 기념 EVENT!,2024-10-15 18:00,2024-10-27 23:59,10794,5657,944,16.687290083082907,102,10.805084745762713
89,100065,뮤직웨이브이벤트,🎁아일릿 컴백 기념 EVENT!,2024-10-21 18:00,2024-11-03 23:59,9382,4632,998,21.545768566493955,138,13.827655310621243
90,100065,뮤직웨이브이벤트,🎁BABYMONSTER 컴백 기념 EVENT!,2024-11-01 13:00,2024-11-10 23:59,19398,7402,1236,16.69818967846528,101,8.171521035598705
122,100065,뮤직웨이브이벤트,🎁투모로우바이투게더 컴백 기념 EVENT!,2024-11-04 18:00,2024-11-17 23:59,30817,10934,4389,40.140845070422536,854,19.457735247208934
120,100065,뮤직웨이브이벤트,🎁민호 컴백 기념 EVENT!,2024-11-04 18:00,2024-11-17 23:59,40064,6633,1541,23.232323232323232,198,12.848799480856588
121,100065,뮤직웨이브이벤트,🎁도영 컴백 기념 EVENT!,2024-11-06 18:00,2024-11-17 23:59,22008,10251,3212,31.333528436250123,267,8.31257783312578
123,100065,뮤직웨이브이벤트,🎁헤이즈 컴백 기념 EVENT!,2024-11-06 18:00,2024-11-17 23:59,8835,5057,808,15.977852481708524,44,5.445544554455446
124,100065,뮤직웨이브이벤트,🎁 엔하이픈 컴백 EVENT!,2024-11-12 12:00,2024-11-24 23:59,20146,6483,1894,29.214869659108437,150,7.9197465681098205
125,100065,뮤직웨이브이벤트,🎁 IVE 안유진 ‘더 그레이트 OST’ EVENT!,2024-11-12 18:00,2024-11-18 18:00,40407,19795,3705,18.716847688810308,93,2.5101214574898787
126,100065,뮤직웨이브이벤트,🎁 영화 '히든페이스' 개봉 기념 EVENT!,2024-11-12 18:00,2024-11-24 23:59,9905,6174,543,8.794946550048591,21,3.867403314917127
131,100065,뮤직웨이브이벤트,🎁 다비치 컴백 기념 EVENT!,2024-11-20 13:00,2024-12-01 23:59,13190,6978,989,14.173115505875607,56,5.6622851365015165
135,100065,뮤직웨이브이벤트,🎁 TWS (투어스) 컴백 EVENT!,2024-11-25 18:00,2024-12-08 23:59,23087,8498,2230,26.241468580842554,221,9.91031390134529
136,100065,뮤직웨이브이벤트,🎁 izna (이즈나) 데뷔 EVENT!,2024-11-25 18:00,2024-12-08 00:00,15349,6547,956,14.602107835649916,105,10.98326359832636
134,100065,뮤직웨이브이벤트,🎁 WayV 컴백 EVENT!,2024-11-25 18:00,2024-12-08 23:59,8779,5705,305,5.346187554776511,59,19.34426229508197
133,100065,뮤직웨이브이벤트,🎁 규현 컴백 기념 EVENT!,2024-11-27 17:00,2024-12-09 23:59,10624,4318,615,14.242704955998148,75,12.195121951219512
137,100065,뮤직웨이브이벤트,🎁디에잇(SEVENTEEN) 뮤직웨이브 EVENT,2024-12-04 11:00,2024-12-15 23:59,24310,10632,2560,24.078254326561325,137,5.3515625
138,100065,뮤직웨이브이벤트,🎁CRAVITY 뮤직웨이브 EVENT,2024-12-05 18:00,2024-12-18 23:59,18306,6643,1245,18.74153244016258,222,17.83132530120482
140,100065,뮤직웨이브이벤트,🎁 tripleS 김유연 수능상담 뮤직웨이브 EVENT,2024-12-06 00:00,2024-12-15 23:59,17164,10540,742,7.039848197343454,58,7.816711590296496
139,100065,뮤직웨이브이벤트,🎁RAP:PUBLIC 뮤직웨이브 EVENT,2024-12-09 12:00,2024-12-15 23:59,10215,4583,813,17.739471961597207,72,8.856088560885608
142,100065,뮤직웨이브이벤트,🎁 TREASURE (트레저) 뮤직웨이브 EVENT,2024-12-11 18:00,2024-12-24 23:59,14447,4303,852,19.800139437601675,68,7.981220657276995
143,100065,뮤직웨이브이벤트,🎁 TWICE(트와이스) 뮤직웨이브 EVENT,2024-12-12 12:00,2024-12-22 23:59,16665,6326,865,13.673727473917166,51,5.895953757225433
144,100065,뮤직웨이브이벤트,🎁 마크 (MARK) 뮤직웨이브 챌린지 EVENT!,2024-12-16 18:00,2024-12-29 23:59,22874,8462,3489,41.231387378870245,335,9.601605044425336
146,100065,뮤직웨이브이벤트,🎁BOYNEXTDOOR 뮤직웨이브 EVENT,2025-01-06 18:00,2025-01-15 23:59,430464,41169,19217,46.67832592484636,2862,14.893063433418327
147,100065,뮤직웨이브이벤트,🎁온유 뮤직웨이브 EVENT,2025-01-06 18:00,2025-01-15 23:59,62554,6706,1211,18.058455114822547,204,16.845582163501238
150,100065,뮤직웨이브이벤트,🎁RIIZE 뮤직웨이브 EVENT,2025-01-08 18:00,2025-01-17 23:59,63629,19738,7461,37.80018238929983,814,10.910065674842514
153,100065,뮤직웨이브이벤트,🎁ZEROBASEONE 뮤직웨이브 EVENT,2025-01-20 18:00,2025-02-20 23:59,72025,21754,5313,24.423094603291347,1129,21.249764728025596
154,100065,뮤직웨이브이벤트,🎁NCT WISH 뮤직웨이브 EVENT,2025-01-22 18:00,2025-02-02 23:59,136875,27689,11046,39.893098342302,1400,12.67427122940431
157,100065,뮤직웨이브이벤트,🎁GOT7 뮤직웨이브 EVENT,2025-01-24 18:00,2025-02-06 23:59,10471,4671,770,16.48469278527082,47,6.103896103896104
158,100065,뮤직웨이브이벤트,🎁제니 뮤직웨이브 EVENT,2025-01-31 14:00,2025-02-09 23:59,37567,19352,2960,15.295576684580405,170,5.743243243243244
159,100065,뮤직웨이브이벤트,🎁PLAVE 뮤직웨이브 EVENT,2025-02-03 18:00,2025-02-16 23:59,245757,39802,17613,44.251545148485,3639,20.660875489695112
161,100065,뮤직웨이브이벤트,🎁IVE 뮤직웨이브 EVENT,2025-02-03 18:00,2025-02-16 23:59,61382,17002,4503,26.485119397717916,277,6.151454585831668
162,100065,뮤직웨이브이벤트,🎁지수 뮤직웨이브 EVENT,2025-02-14 14:00,2025-02-28 23:59,28195,16164,1783,11.030685473892602,124,6.954570947840717
166,100065,뮤직웨이브이벤트,[Hi-RiSiNG] Hearts2Hearts🍀,2025-02-24 17:00,2025-03-24 23:59,20408,10361,1374,13.261268217353535,224,16.302765647743815
165,100065,뮤직웨이브이벤트,🎁베베핀 뮤직웨이브 OPEN,2025-02-25 10:00,2025-03-10 23:59,8598,6494,346,5.3279950723745,7,2.023121387283237
168,100065,뮤직웨이브이벤트,j-hope 뮤직웨이브 이벤트,2025-03-07 12:00,2025-03-21 23:59,122042,25629,6287,24.530804947520387,659,10.481946874502942
169,100065,뮤직웨이브이벤트,슬기 (SEULGI)의 뮤직웨이브 이벤트,2025-03-10 18:00,2025-03-24 23:59,15105,9081,877,9.657526704107477,89,10.148232611174459
171,100065,뮤직웨이브이벤트,PLAVE 데뷔 2주년 축하 뮤직웨이브 💙💜🩷❤️🖤,2025-03-12 00:00,2025-03-13 00:00,28745,11735,2844,24.23519386450788,19,0.6680731364275668
170,100065,뮤직웨이브이벤트,PLAVE 데뷔 2주년 축하 뮤직웨이브 💙💜🩷❤️🖤,2025-03-12 10:00,2025-03-12 10:14,28123,11621,2832,24.369675587298858,17,0.6002824858757062
172,100065,뮤직웨이브이벤트,LE SSERAFIM 뮤직웨이브 이벤트,2025-03-14 13:00,2025-03-28 23:59,27223,12139,1709,14.078589669659774,280,16.38385020479813
173,100065,뮤직웨이브이벤트,NMIXX 뮤직웨이브 이벤트,2025-03-17 18:00,2025-03-26 23:59,38374,15602,2797,17.927188821945904,316,11.297819091884161
174,100065,뮤직웨이브이벤트,Xdinary Heroes 뮤직웨이브 이벤트,2025-03-24 18:00,2025-04-06 23:59,15586,5402,1103,20.418363569048502,174,15.775158658204896
177,100065,뮤직웨이브이벤트,KiiiKiii (키키) 뮤직웨이브 이벤트,2025-03-24 18:00,2025-04-07 23:59,16631,9667,1077,11.140995138098686,74,6.8709377901578454
175,100065,뮤직웨이브이벤트,텐 뮤직웨이브 이벤트,2025-03-24 18:00,2025-04-06 23:59,6318,3899,300,7.694280584765324,38,12.666666666666668
179,100065,뮤직웨이브이벤트,범규의 뮤직웨이브 이벤트,2025-03-27 18:00,2025-04-10 23:59,33974,12865,3520,27.36105713175282,324,9.204545454545453
180,100065,뮤직웨이브이벤트,NCT WISH 콘서트,2025-03-27 18:00,2025-04-01 00:00,24836,8511,827,9.716837034426037,36,4.353083434099154
181,100065,뮤직웨이브이벤트,izna(이즈나) 뮤직웨이브 이벤트,2025-03-31 18:00,2025-04-13 23:59,12290,5573,752,13.493630001794365,53,7.047872340425531
182,100065,뮤직웨이브이벤트,마크 (MARK) 뮤직웨이브 이벤트,2025-04-07 18:00,2025-04-21 23:59,26482,13305,3022,22.71326568959038,281,9.298477829252151
183,100065,뮤직웨이브이벤트,NCT WISH 뮤직웨이브 이벤트,2025-04-14 18:00,2025-04-27 23:59,206875,38581,11046,28.630673129260515,1810,16.386022089444143
184,100065,뮤직웨이브이벤트,권은비 뮤직웨이브 이벤트,2025-04-14 18:00,2025-04-27 23:59,10898,6697,691,10.318052859489324,30,4.341534008683068
190,100065,뮤직웨이브이벤트,TWS 뮤직웨이브 이벤트,2025-04-21 18:00,2025-05-04 23:59,33503,13920,2641,18.972701149425287,351,13.290420295342672
189,100065,뮤직웨이브이벤트,카이 (KAI) 뮤직웨이브 이벤트,2025-04-21 18:00,2025-05-04 23:59,19138,11613,1202,10.35046930164471,73,6.0732113144758735
191,100065,뮤직웨이브이벤트,온유의 뮤직웨이브,2025-04-21 18:00,2025-05-04 23:59,27964,11183,1034,9.246177233300546,104,10.058027079303674
199,100065,뮤직웨이브이벤트,MEOVV (미야오) 뮤직웨이브 이벤트,2025-04-28 18:00,2025-05-06 23:59,9460,6716,415,6.179273377010125,21,5.0602409638554215
200,100065,뮤직웨이브이벤트,뽀로로의 뮤직웨이브,2025-04-29 15:00,2025-05-31 23:59,15604,11800,643,5.4491525423728815,46,7.153965785381026
201,100065,뮤직웨이브이벤트,📌 투모로우바이투게더 뮤직웨이브 이벤트,2025-05-02 13:00,2025-05-15 23:59,48439,15412,3392,22.008824292758888,252,7.429245283018868
204,100065,뮤직웨이브이벤트,📌 DAY6(데이식스) 뮤직웨이브 이벤트,2025-05-07 18:00,2025-05-20 23:59,98742,27100,7880,29.077490774907748,1339,16.992385786802032
209,100065,뮤직웨이브이벤트,MEOVV(미야오) 뮤직웨이브 이벤트,2025-05-12 18:00,2025-05-25 23:59,10066,7032,498,7.081911262798634,28,5.622489959839357
210,100065,뮤직웨이브이벤트,⏰안유진(IVE) 보이스알람 출시 기념 뮤직웨이브,2025-05-13 15:00,2025-06-13 23:59,9740,6525,428,6.559386973180077,41,9.579439252336448
211,100065,뮤직웨이브이벤트,📌 BOYNEXTDOOR 뮤직웨이브 이벤트,2025-05-13 18:00,2025-05-25 23:59,148099,40042,11486,28.684880875081163,1615,14.060595507574439
208,100065,뮤직웨이브이벤트,📢 RIIZE 뮤직웨이브 이벤트,2025-05-19 18:00,2025-06-02 23:59,233571,44972,11756,26.140709774971093,2288,19.46240217761143
212,100065,뮤직웨이브이벤트,📌 백현(Baekhyun) 뮤직웨이브 이벤트,2025-05-19 18:00,2025-06-01 23:59,27243,12976,1988,15.32059186189889,164,8.249496981891348
213,100065,뮤직웨이브이벤트,i-dle (아이들) 뮤직웨이브 이벤트,2025-05-19 18:00,2025-06-01 23:59,26091,13928,1327,9.527570361861,107,8.063300678221552
220,100065,뮤직웨이브이벤트,SHINee (샤이니) 뮤직웨이브 이벤트,2025-05-26 12:00,2025-06-01 23:59,26721,5638,1214,21.532458318552678,93,7.660626029654035
219,100065,뮤직웨이브이벤트,킥플립의 뮤직웨이브,2025-05-26 15:00,2025-05-26 18:00,13059,8972,463,5.160499331252787,23,4.967602591792657
218,100065,뮤직웨이브이벤트,킥플립의 뮤직웨이브,2025-05-26 18:00,2025-06-08 23:59,17801,11800,573,4.8559322033898304,45,7.853403141361256
221,100065,뮤직웨이브이벤트,📌 Hearts2Hearts (하츠투하츠) 뮤직웨이브 채팅 이벤트,2025-06-04 12:00,2025-06-09 23:59,17650,10441,665,6.369121731634901,24,3.6090225563909777
222,100065,뮤직웨이브이벤트,🧛엔하이픈 뮤직웨이브 EVENT!,2025-06-05 13:00,2025-06-18 23:59,29197,10032,1767,17.613636363636363,162,9.168081494057725
226,100065,뮤직웨이브이벤트,📌 도영 (DOYOUNG)뮤직웨이브 이벤트,2025-06-09 18:00,2025-06-15 23:59,51348,20111,3595,17.87578936900204,533,14.82614742698192
225,100065,뮤직웨이브이벤트,QWER 뮤직웨이브 이벤트,2025-06-09 18:00,2025-06-22 23:59,37253,16737,2486,14.85331899384597,393,15.80852775543041
224,100065,뮤직웨이브이벤트,💋KISS OF LIFE 컴백! 뮤직웨이브 이벤트!,2025-06-09 18:00,2025-06-22 23:59,14390,9203,917,9.964142127567097,69,7.52453653217012
230,100065,뮤직웨이브이벤트,📌 j-hope 뮤직웨이브 이벤트,2025-06-14 23:00,2025-06-22 23:59,25711,4922,1035,21.02803738317757,50,4.830917874396135
231,100065,뮤직웨이브이벤트,NCT 도영 콘서트 뒤풀이방💚,2025-06-16 12:00,2025-06-22 23:59,30402,9792,2774,28.329248366013072,138,4.974765681326604
232,100065,뮤직웨이브이벤트,📢 ILLIT 뮤직웨이브 이벤트,2025-06-16 18:00,2025-06-25 23:59,18138,10282,1270,12.351682552032678,153,12.047244094488189
228,100065,뮤직웨이브이벤트,Hearts2Hearts (하츠투하츠)의 뮤직웨이브,2025-06-18 15:00,2025-06-18 18:00,16800,11630,817,7.024935511607911,26,3.182374541003672
233,100065,뮤직웨이브이벤트,❤️Hearts2Hearts (하츠투하츠) 뮤직웨이브 채팅 이벤트,2025-06-18 18:00,2025-06-30 23:59,24906,15555,1073,6.898103503696561,77,7.1761416589002796
229,100065,뮤직웨이브이벤트,프로미스나인의 뮤직웨이브,2025-06-25 14:30,2025-06-25 18:00,46257,19484,2669,13.698419215766783,341,12.77632071937055
237,100065,뮤직웨이브이벤트,📢 ILLIT 뮤직웨이브 이벤트,2025-06-26 00:00,2025-06-26 23:59,2226,1422,195,13.71308016877637,0,0.0
